curp,idViaje,lugar,fecha
WMTB809501HBNHSB35,1,Mexico,2022-12-08
MWUR184467HHMXUM21,2,Egipto,2023-07-27
KGRI548972HKVLFP60,3,India,2023-05-29
JUXZ576177FZJLVP57,4,Egipto,2023-09-05
RBKM489995HIREVW49,5,Peru,2022-10-17
ZCEK279024FROTFA87,6,Peru,2023-05-02
HRNF134364FGOQVU65,7,Grecia,2023-01-05
NRXR848537FFWPVO42,8,Egipto,2023-08-21
ZLVO461484FHLLEY44,9,Peru,2023-07-31
GNEC956832FHUWCC56,10,Jordania,2022-12-31
DHVR589313HCXTVR11,11,Jordania,2022-11-21
LHTU717959HXHVGF26,12,Mexico,2023-02-11
ZCEK279024FROTFA87,13,India,2022-11-24
HZNZ393316HWJEXX11,14,Jordania,2023-02-21
NRQS389515HNMBMC75,15,Peru,2023-07-16
IAYC703682HZGCIW30,16,Egipto,2023-08-26
OWPB090629FYSRGK29,17,Mexico,2023-07-21
HMJV963563HZXIWD17,18,Egipto,2023-08-05
HMDN874119HPEAGJ52,19,Jordania,2023-03-02
UKEH289152FCGDXX26,20,Peru,2022-12-09
JKIP108967FPIHIW69,21,Mexico,2023-04-25
UOPH882343HSKFHI29,22,India,2023-09-08
MBJX418510HZKXJH25,23,Egipto,2023-03-23
NNOD854740HIBJVM63,24,Egipto,2023-01-15
ONDB312735FLGYZQ55,25,Peru,2023-07-02
YLUB788947FYZQKD65,26,Egipto,2023-03-25
LMSR866204FSLTOR58,27,Peru,2023-05-10
XUOF842416FOHPLP32,28,India,2022-12-21
IHZY913918HIPYBO95,29,Egipto,2023-07-15
UFDM819692FSOOUL14,30,Mexico,2023-01-28
EOUO534975FYZTQK82,31,Mexico,2023-03-29
OSEP673576FOJOJK40,32,India,2023-01-03
LTYR193258HEXUMJ88,33,Peru,2023-02-01
DPKE451525HVKNIA41,34,Egipto,2022-12-03
JHNS514588FDEHZM04,35,Peru,2022-10-22
XYAM212300HZOESP42,36,Jordania,2023-01-03
QHYG064082HFCVNL96,37,Jordania,2023-08-16
PCOW778321HKIDZE29,38,Mexico,2023-08-01
NTXG695227HVSLJG67,39,Peru,2023-05-09
AKCW523194HVNXTK64,40,India,2023-07-04
KMVB459817HRKWVW17,41,Grecia,2022-09-27
PLLU619743HYCAVN51,42,Peru,2022-11-25
NNZH228249HJBMAU02,43,Egipto,2023-06-17
FLGC830619HRCHKC74,44,India,2023-04-14
JVKQ992415FRMLEK68,45,Egipto,2023-06-10
KKWR696477HFFOLL29,46,India,2023-06-24
ULJC810277HTPFOT70,47,Mexico,2023-05-16
LJPD562431HHOPIF21,48,Peru,2023-01-07
TCNQ043621HACKNE81,49,Grecia,2023-03-01
NOKY512161HGEXTB20,50,Grecia,2023-03-03
KVBK827431FBIYSM05,51,India,2023-05-05
YSJS893143HLLZHN68,52,Jordania,2023-06-07
CWUA837486FBHKMT69,53,Mexico,2022-09-28
RXHZ563116HAFVFB64,54,Jordania,2022-12-19
KQDE156614HBUVUJ85,55,Mexico,2023-02-25
ESSW351600FVJPRC50,56,Jordania,2022-10-06
RXHS129504FUJKJA48,57,Peru,2023-04-02
ENKD813295FMABPI76,58,India,2023-07-06
IMOW078830HLVIJR09,59,Mexico,2022-11-29
LRJJ049017HOXTIJ20,60,Grecia,2022-09-19
BHXW998885FIRMZU98,61,Jordania,2023-06-29
FEVC830694FESSTF73,62,Egipto,2022-11-06
WZKV248305HMGJHO35,63,Peru,2023-05-18
FOHF543469FJGJTE43,64,India,2023-08-06
FJQM466772FRPXLD24,65,Peru,2023-06-01
KYNK056399HZYNIV60,66,Egipto,2023-06-28
GXFU681793FIVTIB29,67,Jordania,2022-12-05
MNLX938819HJBJTG48,68,Peru,2022-11-11
OXLI331928HPLCVC08,69,Peru,2023-09-03
IBSW867576HFJLOX45,70,India,2023-07-14
TRGH430436FHLUUZ51,71,India,2023-02-13
PGXD578627HASOFP57,72,Peru,2023-04-07
UQET599503HOBMGH42,73,Mexico,2023-06-03
YVQQ596731FVZLSI62,74,Mexico,2022-11-28
DBHW591513HVDMAL97,75,India,2023-02-20
AAQZ312313FGZJIS31,76,India,2023-01-30
MPJB956125HBVYJO21,77,India,2023-02-09
LILN933710FFZMAS29,78,India,2023-02-06
HUAP469834HGZIHC87,79,Mexico,2023-08-22
IQOJ439961FVOCOG60,80,Jordania,2023-02-16
HGWC246359HVEKRY46,81,Peru,2023-06-27
ICQK179492HLZEBG58,82,Egipto,2022-12-21
PEZF881016HNLNBC30,83,Grecia,2023-06-19
WBSW802650FZWPVH40,84,Mexico,2022-10-18
HVPX557572HLMOVC64,85,Egipto,2023-02-02
SRCQ418647FPDDYM24,86,Egipto,2023-03-23
RKVT861171FAGWGE60,87,Grecia,2023-01-31
TOEG120959HBJOGK57,88,Mexico,2022-11-10
NKNY172277FWHIJI71,89,Egipto,2023-06-23
AFUF560869HFVLHS05,90,Grecia,2023-01-08
TEJP752912FMZRVE28,91,Peru,2023-01-18
YTXC335387HXQPWH25,92,Grecia,2023-08-11
CAAY907607HWNMFA86,93,Peru,2023-01-21
CFWW442910HLKQQL23,94,Peru,2023-01-10
LLSZ339620FGQQOF57,95,Egipto,2022-09-20
LRUY592476HZCLLT64,96,Mexico,2022-11-06
IMOW078830HLVIJR09,97,Jordania,2022-11-09
NYPJ605005HFAGWB86,98,Jordania,2023-09-07
KJQB228028FFJBYA69,99,Mexico,2022-10-14
IQBH554485FSLZPN03,100,Grecia,2022-11-09
SIOY444060FOYAJA03,101,India,2022-09-25
FEVC830694FESSTF73,102,India,2022-12-08
BAEI787035HCZIIX80,103,Jordania,2023-05-12
OYCK272977HGHUGI02,104,Egipto,2022-10-28
HKGI891024FVQVIE68,105,Mexico,2023-04-01
VPCL216392FSSNQH46,106,Peru,2022-09-15
BEYA257498FRGYTL16,107,Mexico,2023-07-09
SLMO871317FCKDNT74,108,India,2023-04-05
PWJR067797HRQDMI08,109,Peru,2022-11-17
CYZW429510HIJWBV26,110,Egipto,2022-10-05
QBWZ965056FNYGAT68,111,India,2023-07-01
XPUH380193FAMZAS89,112,Mexico,2023-07-12
HCRD751268FUNCCR35,113,Mexico,2023-01-21
TQIW696873HEUCOH82,114,Jordania,2022-12-23
WYII366839HMFKPP82,115,Mexico,2022-12-14
XILL053263HGPSTO46,116,Mexico,2023-04-09
MNSY419622FIONPP54,117,Egipto,2022-10-06
FCFN384415HCZWOB92,118,Mexico,2023-02-04
DGHD520324FHZMKY61,119,Peru,2023-09-10
VCXE054735FFNMTT12,120,Grecia,2023-05-10
DLSN543333HWUHTR26,121,India,2023-06-28
MQLX723723HEHMWY89,122,India,2023-03-15
TPHD637293FXXWDQ53,123,India,2023-09-02
JXJU133450FGUDHM01,124,Mexico,2023-07-09
JDOK054063HKBEXQ96,125,Mexico,2023-01-21
KRUY570539FVXVKT67,126,Mexico,2023-05-12
GNBD456274HLQMDA72,127,Egipto,2023-05-17
YDLW270061FLFAUI29,128,Egipto,2023-09-10
XCGB736559FOOYZE72,129,Jordania,2023-02-16
LAHH142772FNXBBR98,130,Peru,2023-07-14
WJBS492830FFZKVW69,131,Peru,2023-07-30
KGZD111190FCRCTK62,132,Jordania,2023-06-14
PCYK536602HQDMQW56,133,Jordania,2022-10-07
EIKU901158FCPTTI26,134,India,2022-11-09
JKIP108967FPIHIW69,135,Jordania,2023-08-06
RMTY083318HDKRVN11,136,Mexico,2023-04-01
VMTV353608FTIEHG35,137,Grecia,2023-05-07
QZOX764908HPOTMT07,138,Egipto,2023-08-26
MXRH266304HADTCI38,139,Jordania,2023-05-31
BILO521792FCTHSN02,140,Grecia,2023-07-12
AJUR495066FCNQEB02,141,Egipto,2023-05-14
GUGO299547FTFXQA30,142,Grecia,2023-02-05
CHLS069624FPOYZY37,143,India,2022-11-20
TEJP752912FMZRVE28,144,Peru,2023-04-05
TVCL463943FOMETA84,145,Grecia,2023-01-24
PRCO312757FLWSKN25,146,India,2022-11-18
AOCQ113184FYXIDY13,147,Egipto,2023-03-04
JYNS217125FQQFXA65,148,Grecia,2022-11-04
PHXQ961404HTQILU56,149,Peru,2023-03-23
NCYY513482FKIRDJ54,150,Egipto,2023-08-20
XAMU491442FKNJLV16,151,India,2023-06-20
JSAU215162HAETOB89,152,Jordania,2023-02-01
XSMN307398FGYDTY39,153,Grecia,2023-02-06
SDBD156541HGFCTH07,154,Peru,2022-12-25
SZEE455330FAMDSH24,155,Grecia,2023-03-29
MXLE057581FGIYZZ64,156,India,2023-09-06
GNEC956832FHUWCC56,157,Jordania,2023-03-12
TYRK847794FEVUJU39,158,Jordania,2022-11-06
XBUP119765HKIASF34,159,Grecia,2023-03-08
FODN656750HXONIT13,160,Peru,2023-05-23
FEVC830694FESSTF73,161,Peru,2022-11-10
PGXD578627HASOFP57,162,Peru,2022-10-10
OBMU581832FWPZFH32,163,Grecia,2022-12-15
JVKM678135HHNNTE43,164,Jordania,2023-08-01
LSRC116852HQQQOV18,165,Grecia,2023-07-12
NEEH228402FVPTIJ89,166,Grecia,2023-07-12
MPQU552000HFDOPC37,167,India,2022-11-26
EYPP779410FADIYD53,168,Jordania,2023-03-11
CFWW442910HLKQQL23,169,Egipto,2023-08-01
HTQX667771FENKWW39,170,Peru,2023-08-22
ANYZ577121FJBXES90,171,Peru,2023-07-24
JKLJ950663FERXAW69,172,Peru,2022-11-18
VJYR002291HXVIKX02,173,India,2023-04-01
BDFJ356317FUWZQJ01,174,Mexico,2022-09-14
LRUY592476HZCLLT64,175,Jordania,2022-12-03
XPSK400381HBRVZO19,176,Peru,2022-11-23
LBOT729713HTTIAX89,177,Peru,2023-04-20
CWUA837486FBHKMT69,178,India,2022-10-24
FODN656750HXONIT13,179,Jordania,2022-10-02
KBVL601475FQINEO66,180,Jordania,2023-07-30
ITFF650120FQECXA89,181,Jordania,2023-08-04
XPSK400381HBRVZO19,182,India,2022-10-28
RBKM489995HIREVW49,183,Peru,2022-09-13
IQBH554485FSLZPN03,184,Peru,2023-08-15
LLSZ339620FGQQOF57,185,Egipto,2023-04-22
PCYK536602HQDMQW56,186,Egipto,2023-06-21
MXID108815HYHFZS97,187,Jordania,2023-05-20
FJQM466772FRPXLD24,188,Grecia,2022-10-24
OELR519764FPZEEO93,189,Mexico,2022-11-18
BYIS314830FLJSSJ53,190,Jordania,2023-06-24
PPIS388942HULJUV56,191,Egipto,2023-01-20
KJQB228028FFJBYA69,192,Egipto,2022-09-29
LBGO312847HXVXOL10,193,Peru,2023-02-28
RHFB728521HCPJTG89,194,Egipto,2022-11-17
WQDG816687FZFDWV38,195,Mexico,2023-03-18
TGCN423483HSOQUA22,196,Peru,2022-10-25
ASXO873173HTMSMD21,197,Mexico,2023-02-08
JQFA733547HJYCTN25,198,Jordania,2022-12-17
AKEX120605FWVDAC72,199,Peru,2023-09-06
XPUH380193FAMZAS89,200,Egipto,2023-04-02
QIPG267765HSXQXX96,201,Peru,2022-12-07
TKKK771114HDEPFW75,202,Peru,2023-07-17
FYQR854414HLBXUR48,203,Egipto,2022-11-09
HLYG243951FESZVT52,204,India,2023-02-24
MAOK092011FRGOEM35,205,Jordania,2022-10-13
HKGI891024FVQVIE68,206,Jordania,2022-10-27
OTMZ109135HXYIRT10,207,Egipto,2022-10-27
NXBF969952FYUHWM21,208,Jordania,2023-06-28
ITVC989693FCCYDQ96,209,Jordania,2023-03-25
EBZR452684HEUBZW19,210,Mexico,2023-07-10
PNCX931628HNATMO48,211,India,2022-09-26
MQLX723723HEHMWY89,212,Peru,2023-08-29
EBYQ443419FIKECW03,213,India,2023-09-01
QQHK514114FDGBOO12,214,Grecia,2022-12-21
QUBI747410FQKKOZ13,215,Grecia,2023-05-09
IPVU238729FECVNO06,216,Grecia,2022-12-28
IQRZ338935HQWPWE79,217,Grecia,2023-01-25
NYIP523423FSBGIZ39,218,Mexico,2023-04-29
ZEKT642804HBDACT44,219,India,2023-02-23
LDVF912643HHOXTY93,220,Mexico,2022-11-18
MPQU552000HFDOPC37,221,Mexico,2023-04-04
WBBK254944FRRKTP43,222,Peru,2023-06-16
HMJV963563HZXIWD17,223,Peru,2022-09-30
OYEE091056FQXNQO98,224,Grecia,2023-02-22
DWUS994333FULPBA28,225,Jordania,2022-12-31
SDBD156541HGFCTH07,226,India,2023-03-17
CGFL532687FXQREW23,227,Mexico,2023-05-08
FTDX037278FBSLDK32,228,Jordania,2023-01-29
YLSZ780071HEIKVX49,229,India,2023-09-06
REVO679246FWKIXS96,230,Egipto,2023-01-18
IARG455332HNMSDH31,231,Grecia,2023-06-20
ULJC810277HTPFOT70,232,Grecia,2023-05-30
HIVA085073FAQQME26,233,Egipto,2023-03-13
PSQE224452HQETDF37,234,Peru,2023-06-06
WJCP294839HUACPI38,235,Egipto,2022-11-08
HPBM333526FXIYSI47,236,Peru,2022-10-23
WFWU894418HAQFLX13,237,Mexico,2023-02-16
HCRD751268FUNCCR35,238,Egipto,2023-06-28
KQHB195458HKGLAG77,239,India,2023-01-17
XZPS561675HAGHHG86,240,Grecia,2022-09-26
NXSH023213HJLXEN75,241,Peru,2022-12-31
UROD457694FHAZBK74,242,Egipto,2022-11-28
PXWN045540HHTBOC69,243,India,2022-11-25
WWYP523085HMKXWW30,244,India,2023-02-25
JSAU215162HAETOB89,245,Egipto,2023-02-18
JDOK054063HKBEXQ96,246,Jordania,2023-03-21
WCGB933426FRCPPW11,247,Egipto,2022-10-14
PODZ630769HNFGZC39,248,Peru,2023-04-17
JQGH760898FTVJLS92,249,Mexico,2023-04-21
EILB631090HMRQSU31,250,Grecia,2023-03-23
GHCJ004161FGTPTQ95,251,India,2022-09-18
CHLJ990359FRROUT09,252,India,2022-12-19
AZSK000380FBOJWW32,253,Egipto,2022-09-28
NOMB303038HLKCPS66,254,Peru,2023-06-04
AJUR495066FCNQEB02,255,India,2023-06-02
XACF813158HIEYBJ07,256,Mexico,2023-06-05
IPVU238729FECVNO06,257,Peru,2022-12-15
OYCK272977HGHUGI02,258,Peru,2022-12-03
IUOU420469FBAMSA48,259,Grecia,2022-12-07
HSDE791599HEERQB48,260,India,2023-06-19
IYWR275165HOHFYK65,261,Grecia,2023-07-30
IUOU420469FBAMSA48,262,Grecia,2022-12-03
GFLG654318FMXMXH63,263,Jordania,2023-02-21
ZLVO461484FHLLEY44,264,Egipto,2022-10-17
LXJZ521425HIAVUT28,265,Jordania,2022-11-22
IMOW078830HLVIJR09,266,Egipto,2023-01-26
HQBH914337HCTLKJ57,267,India,2023-04-16
FPPD662536HSFHWT96,268,Peru,2023-05-27
HKKB614419HMMBXW76,269,Jordania,2023-06-20
UTSA395077HTEPUN05,270,India,2023-03-21
WQDG816687FZFDWV38,271,Egipto,2022-10-26
ENVT094251HLVIEL04,272,Peru,2023-08-10
XZPS561675HAGHHG86,273,Mexico,2022-09-23
UROD457694FHAZBK74,274,India,2023-05-11
QHYG064082HFCVNL96,275,Peru,2023-01-05
RMVD164336HKECXO58,276,Egipto,2022-12-08
BTSM249994FNLDIP76,277,Grecia,2023-08-28
MBJX418510HZKXJH25,278,India,2023-03-28
OZNS961101FHQUGQ27,279,Peru,2022-10-31
GJHJ027597FYICBE32,280,India,2023-05-06
IEQB694256FQCNYY04,281,Peru,2023-03-17
SECK601487HZRAJC12,282,Peru,2023-01-20
MRMG240435HGMMWI76,283,India,2022-11-22
PEZF881016HNLNBC30,284,Peru,2023-03-04
ZHCD108752HDZPHY39,285,Grecia,2023-02-07
ABKF795220HLVGBB36,286,India,2022-09-15
MWIM236209HXYZUB68,287,Peru,2022-10-11
MRMG240435HGMMWI76,288,Egipto,2023-06-14
IQBF394633FCIHDF11,289,India,2023-09-07
JDUN547921FMNDQD67,290,Peru,2022-11-23
XFMN672293FXGZWB70,291,Egipto,2023-08-09
CYFJ445174HZARZA29,292,Jordania,2023-08-09
UQET599503HOBMGH42,293,Jordania,2023-04-09
MJZI757640FQACYD47,294,India,2023-08-23
FSLK162284HYZKJS09,295,Peru,2022-11-22
JJAL955340HYACKN16,296,Grecia,2022-10-03
SNMF616843HWOATL82,297,Mexico,2023-06-05
QRUY700545FQZZBA76,298,Jordania,2023-03-07
IBSW867576HFJLOX45,299,Mexico,2023-01-31
HSDE791599HEERQB48,300,Peru,2023-04-26
NKQE560291FTHCDJ64,301,Peru,2022-12-17
DLWL529064FIOXOT41,302,Mexico,2023-01-06
ZEYB323260HCLEJY25,303,Grecia,2023-08-12
MWIM236209HXYZUB68,304,Mexico,2023-03-16
EVFN020806HMXMAC32,305,Egipto,2022-12-18
YYNS937869HOMHWC98,306,Mexico,2023-02-16
XKLE815663FXDKPC58,307,India,2023-06-30
WJCP294839HUACPI38,308,India,2022-12-05
TQDI372413HZVMQS14,309,Mexico,2023-04-13
CSAL738943FOSZIJ10,310,Grecia,2022-10-01
GHCJ004161FGTPTQ95,311,India,2023-03-26
CRKB304646FJNGOH72,312,Peru,2022-12-09
PCJA633178FYRGSZ33,313,Peru,2022-12-17
VXQC027422HKLDST66,314,Egipto,2022-09-16
GARV451512FNUTUB06,315,Mexico,2023-05-13
ZTCM022710FYPARU59,316,Jordania,2023-07-10
FDRS993808HECEYJ77,317,Grecia,2023-03-01
JNIP634615HVXOWC21,318,Peru,2023-01-22
HKGI891024FVQVIE68,319,Peru,2023-05-07
GRSY169553FZHMTX96,320,Peru,2023-04-30
LTYR193258HEXUMJ88,321,Mexico,2022-11-18
DOID057387FQBXYU70,322,Mexico,2023-01-25
AGLH067424HLAYVU75,323,Peru,2022-10-27
SBMK131809FYAMYC71,324,Jordania,2022-10-17
IZRR518066FSTOCD13,325,India,2023-01-20
AAQZ312313FGZJIS31,326,Mexico,2023-05-26
AVRA769766FWWPDY09,327,Jordania,2023-05-04
PCOW778321HKIDZE29,328,Grecia,2023-08-05
AVCL520886FXMVPZ67,329,Peru,2023-08-07
QWEC205501FVSOIJ37,330,Jordania,2023-06-21
RNOD813480FHGNTC52,331,Egipto,2023-03-17
HMJV963563HZXIWD17,332,Peru,2023-01-28
BYGV314233FNGYWE41,333,India,2022-10-30
ATJT058263HNASDP04,334,Egipto,2023-03-10
AWLG917936HVNCLN95,335,Grecia,2023-08-15
FHPW432516FJLWNN04,336,India,2022-12-18
VMTV353608FTIEHG35,337,Mexico,2023-08-26
SBMK131809FYAMYC71,338,Grecia,2023-08-20
RRGB894932FSQQTT51,339,Egipto,2023-09-05
GKMI668611FUHNAN30,340,India,2023-07-30
MYEF708752HEWHAN23,341,Peru,2023-06-30
RRCE218141HXBZEF19,342,Grecia,2023-01-01
JYNS217125FQQFXA65,343,India,2022-12-05
CCQG816504HDVQOD53,344,Grecia,2023-04-18
JPJS763763HDGCIX85,345,India,2022-12-17
QIUE327504HPNPSM10,346,Egipto,2023-01-24
TTQU825569FAQIZX02,347,Mexico,2022-10-11
GSVS422427FBZXHK91,348,Peru,2023-08-24
KSZH663877FVNPLP72,349,Jordania,2022-09-22
PRCO312757FLWSKN25,350,India,2022-09-24
LYRY001593HQJZET66,351,Mexico,2022-12-15
XGQW263085FOMCDL37,352,Grecia,2023-09-01
BMZK513026FJZQID97,353,Peru,2023-02-20
PRCO312757FLWSKN25,354,Jordania,2023-08-30
IQOJ439961FVOCOG60,355,India,2023-06-23
UFLK022145HTEDNT20,356,Peru,2023-08-17
AFHC306924FDXTZU01,357,Jordania,2023-02-03
KJQB228028FFJBYA69,358,India,2023-02-22
PPIS388942HULJUV56,359,India,2023-04-29
IMXD846754FNNOHT16,360,Grecia,2023-07-18
CNTN092229HIAQCN06,361,Egipto,2023-04-22
WQDG816687FZFDWV38,362,Jordania,2022-10-05
EGSP399049FNDNKF08,363,Peru,2023-01-27
PTQJ751009FKSBZZ04,364,Grecia,2023-04-14
PURK009328HUYXXD86,365,Egipto,2023-07-22
PHXQ961404HTQILU56,366,Mexico,2022-10-04
BYIS314830FLJSSJ53,367,Egipto,2023-07-04
SAGS367074FXNTLN69,368,Peru,2023-07-11
XGQW263085FOMCDL37,369,Grecia,2023-06-16
GBSH315436FIMKGM95,370,Mexico,2023-09-09
VION177352FYAGXE63,371,Mexico,2022-10-17
RHMX376772FDQJLW74,372,Mexico,2023-02-17
CRHM265351HUVSBD75,373,Egipto,2023-08-15
BTEF676899HOLXGO25,374,India,2023-02-01
XCGB736559FOOYZE72,375,India,2023-05-28
BDFJ356317FUWZQJ01,376,Peru,2023-05-06
HGYF620061FCBYWA22,377,Peru,2023-06-13
RCMU432473HTXHNL37,378,Mexico,2023-02-28
AFUF560869HFVLHS05,379,India,2023-02-23
EEXB966132HWHIJK75,380,Jordania,2023-01-31
OYCK272977HGHUGI02,381,India,2022-12-14
JRJT790276FWNIPQ94,382,Grecia,2023-05-11
GOXE968515HGOSVT02,383,Grecia,2022-10-09
YTHR938947HUQVSO54,384,Mexico,2023-07-24
LFZR408342HEEQSZ05,385,India,2023-05-27
RKFC711462FKRHKS98,386,Mexico,2023-09-06
PNNX743878FJOTLL44,387,Mexico,2023-05-14
GVAI906721FOKWCD12,388,Grecia,2022-11-04
LTYR193258HEXUMJ88,389,Jordania,2023-06-02
YMEI126700FJYQBS16,390,Peru,2023-01-17
QUKI408505HFKURS52,391,Jordania,2023-08-22
RFAJ233153FMYHLV15,392,Grecia,2023-07-20
IQBF394633FCIHDF11,393,Peru,2023-07-20
DZMQ393672FORQEJ57,394,Jordania,2023-08-31
YGJX364677FFVWCL16,395,Egipto,2023-01-30
TTZI542806FQENUM64,396,Jordania,2022-11-15
WQSV772124HEBICQ59,397,Grecia,2023-04-16
QVBX906745FRDJUP25,398,Peru,2023-02-05
HKYT545670HLFOWB89,399,India,2023-06-13
RCTQ964765HUDPNR98,400,Grecia,2023-09-08
NXSH023213HJLXEN75,401,Jordania,2022-09-29
AZAA991030FCAJLT40,402,Egipto,2022-10-11
UJZL746459HJQTHW53,403,Jordania,2023-06-26
NYIP523423FSBGIZ39,404,India,2023-06-18
PTZQ423986FVIUVI65,405,Jordania,2023-02-14
ITUM562616FFESHB56,406,India,2022-10-23
WWIF481274HEEQNJ95,407,Jordania,2022-11-30
MNYT085201HQGJSH81,408,Mexico,2023-04-28
AZSK000380FBOJWW32,409,Peru,2023-08-26
KBZZ356732HLKVGC86,410,Egipto,2022-09-22
CSAL738943FOSZIJ10,411,Grecia,2023-08-14
RWDN779417FZOCDU81,412,Egipto,2023-05-29
RYVM140122HBNAMC25,413,Egipto,2022-11-22
HLGE207157FPQMFP53,414,India,2022-12-18
SQQI188354FQWQMM42,415,Peru,2023-04-16
RWLY551026HOFEZG60,416,Peru,2022-11-13
MXKY498291HVVWFM36,417,Egipto,2023-01-05
IUPK357715FMOTQS70,418,Mexico,2022-12-27
BAEI787035HCZIIX80,419,Jordania,2023-06-03
MWZI888840HBCLDF34,420,Grecia,2023-02-02
DPKE451525HVKNIA41,421,Mexico,2023-05-20
XFTL178971HHMQZT40,422,Jordania,2022-09-20
UQET599503HOBMGH42,423,Peru,2023-01-16
WYMT580520HVHTLM89,424,Jordania,2022-11-01
OQCC894396FXOZGL53,425,India,2023-01-13
WIJD079240HIBVYT92,426,Mexico,2022-10-03
AWYA991437FWAWBO06,427,India,2022-12-04
JXSY360826FFLFDQ14,428,Grecia,2022-12-25
PYOS284930FGPSAC71,429,Peru,2023-06-17
TCNQ043621HACKNE81,430,Grecia,2023-03-02
BSVA531493FJUVSA34,431,Egipto,2023-05-21
VWJT031197HQYUPA72,432,India,2023-01-24
DHPX287086FESMAW04,433,Grecia,2023-06-29
ENKD813295FMABPI76,434,Mexico,2023-04-14
RBKM489995HIREVW49,435,India,2022-12-19
YVQQ596731FVZLSI62,436,Jordania,2023-03-27
ISRT981363FCTAPV12,437,Peru,2023-08-23
AUOI417690HVZERN97,438,Egipto,2023-05-10
FMEQ620453HUIBTP77,439,Peru,2022-12-30
TVAI017671HLPMHS08,440,Egipto,2022-12-01
IXQO453153FAKMWG56,441,Grecia,2023-01-22
DZLP116052FGAUYI53,442,Peru,2023-03-16
YLVE434260HCRZSL48,443,Jordania,2023-08-08
GSVS422427FBZXHK91,444,Grecia,2023-07-18
FMCL559944FXLDIW20,445,Jordania,2022-12-16
RJJC905234HLYDJV18,446,Jordania,2023-07-16
AXLQ258084FMAQTO72,447,Jordania,2023-07-12
RJJC905234HLYDJV18,448,Egipto,2023-09-07
XECV416583FPYBRM80,449,Peru,2023-05-07
HDZE550395HFYYYW89,450,Mexico,2023-02-14
SMHM990196HRGLUF63,451,Peru,2023-03-12
XRVM311875FJVIDO19,452,Peru,2022-09-19
PGQS119532FHDJES49,453,Grecia,2023-06-20
XYGA188118HYCJRL74,454,Egipto,2022-11-29
JVKM678135HHNNTE43,455,Jordania,2022-09-20
YLSZ780071HEIKVX49,456,Egipto,2022-12-19
OXIL430780FFFHHC55,457,India,2022-10-16
YVQQ596731FVZLSI62,458,India,2023-03-28
BEYA257498FRGYTL16,459,Jordania,2023-01-27
BKPY946430FCQCFD40,460,Peru,2023-04-27
AXVS570952HHTBFR27,461,Mexico,2022-10-25
PEZF881016HNLNBC30,462,Grecia,2023-06-20
NNOD854740HIBJVM63,463,India,2022-12-01
LRZW484978FFSETB96,464,Grecia,2022-12-04
JPOF191558FMBISR42,465,Peru,2023-07-07
GCMR731325FVJYYH01,466,Mexico,2023-03-17
ODKG105672FWZGOS38,467,Mexico,2023-05-05
XPUH380193FAMZAS89,468,Grecia,2022-09-24
JPJS763763HDGCIX85,469,Egipto,2023-04-03
OASG745680FOPNKW15,470,Grecia,2023-08-07
VIFZ723361HQGDMN56,471,Egipto,2023-07-04
FVRC652471HVDYOF35,472,India,2022-09-12
SNMF616843HWOATL82,473,Mexico,2023-07-06
OFYG646180HYTLTG94,474,India,2022-10-27
FSAW965647FYBHHF58,475,Egipto,2023-05-26
TTZI542806FQENUM64,476,Grecia,2022-09-16
XQEI727501HHZXIY26,477,India,2022-10-06
RCMU432473HTXHNL37,478,Peru,2023-05-01
JHNS514588FDEHZM04,479,Mexico,2023-06-19
QFOU095205HGMENT10,480,Mexico,2023-07-03
KVBK827431FBIYSM05,481,Peru,2022-09-25
TJWY389246HNPOAM24,482,Grecia,2023-04-17
NZUM720883FIULED87,483,Egipto,2023-07-31
DHVR589313HCXTVR11,484,Egipto,2023-01-15
LWZP645235FIUFJO57,485,Peru,2023-03-03
NKQE560291FTHCDJ64,486,Grecia,2023-02-21
HVPX557572HLMOVC64,487,Egipto,2023-04-18
ZHCD108752HDZPHY39,488,Peru,2023-01-22
WMTB809501HBNHSB35,489,India,2022-12-31
VPCL216392FSSNQH46,490,Grecia,2023-01-25
KQHB195458HKGLAG77,491,Jordania,2023-04-16
ZFVM760472FGNNBM63,492,Egipto,2022-11-17
OTVA625090HQQZHT73,493,Mexico,2023-05-10
VERJ996462FKYMJK91,494,Peru,2022-09-29
NODB866388FECLNT51,495,Egipto,2023-07-26
LFEO537146FPUCRC79,496,Peru,2023-02-05
WZKV248305HMGJHO35,497,Mexico,2023-09-11
HDZE550395HFYYYW89,498,Jordania,2023-09-01
CEAM231026FHPLRR97,499,Jordania,2023-02-01
ZHZN396873HZIGIF67,500,Egipto,2023-01-09
AFUF560869HFVLHS05,501,Jordania,2023-03-20
EKUV768618HXYCQA01,502,Mexico,2023-01-11
YTHR938947HUQVSO54,503,Peru,2022-10-30
IPVU238729FECVNO06,504,Peru,2023-08-06
BZGT194032FVHUPS07,505,Egipto,2023-07-28
GZQA036244FDHUUU93,506,Jordania,2022-12-09
FTKB287207HVGPOC23,507,Peru,2023-06-14
JUXZ576177FZJLVP57,508,India,2022-12-23
SECK601487HZRAJC12,509,India,2023-01-07
FCFN384415HCZWOB92,510,Jordania,2023-01-31
DWUS994333FULPBA28,511,India,2023-06-06
RYVM140122HBNAMC25,512,Mexico,2023-08-31
NXBF969952FYUHWM21,513,Egipto,2023-07-30
MATY516179HEZDGE26,514,Grecia,2023-04-06
LWXF657235FQHUCT81,515,Jordania,2022-12-19
QBHA316596HOTTJW54,516,Egipto,2022-11-08
SHKT506064FSNRYE53,517,India,2023-08-05
BRHI292699HZSAUV40,518,Jordania,2022-12-03
GSOI836493FOQGQP39,519,Egipto,2023-03-07
XAAY639794HHOQQB90,520,India,2023-09-03
YTXC335387HXQPWH25,521,Grecia,2023-01-15
LJPD562431HHOPIF21,522,Jordania,2022-12-07
PDRJ982823HVQHFZ64,523,Grecia,2023-03-14
AHWO112690FMGGYY76,524,Mexico,2022-11-30
RHMX376772FDQJLW74,525,Egipto,2023-03-12
NOIL605708HHHGSO51,526,Jordania,2023-01-16
VVRZ017068FUDBBW90,527,Grecia,2023-03-13
ODKG105672FWZGOS38,528,Peru,2022-11-07
PAKJ221557FLUJSD42,529,Jordania,2023-01-26
YUJW727882FDKNYC94,530,Jordania,2023-02-02
PHXQ961404HTQILU56,531,India,2023-01-22
GFXN290588HZRNWM11,532,Mexico,2023-07-25
BITP269757FGWJWK86,533,Egipto,2023-08-09
NQCA346926HGTPYA37,534,Grecia,2023-04-09
VWQM630162HNNURM80,535,Grecia,2023-05-12
ETBY160914FUPQKD96,536,Grecia,2023-05-29
EOKO944154FLJPCW69,537,Jordania,2023-06-30
RFAJ233153FMYHLV15,538,Grecia,2023-04-10
BAEI787035HCZIIX80,539,Jordania,2022-10-07
AAQZ312313FGZJIS31,540,Jordania,2023-04-28
HLMB534986HLUAFC67,541,Jordania,2023-09-07
ITUM562616FFESHB56,542,Peru,2023-06-20
MOVN098004HGCKJM65,543,Mexico,2023-06-17
GEIM304418FASZJD32,544,Egipto,2023-02-08
IWID522971HGKVJQ42,545,Peru,2022-10-13
MNLX938819HJBJTG48,546,Jordania,2023-07-06
XYGA188118HYCJRL74,547,Egipto,2023-02-06
KGAT645938HJHOVB67,548,Mexico,2023-05-14
EDRJ884172HOATHH94,549,Jordania,2022-10-02
UFLK022145HTEDNT20,550,Grecia,2023-07-31
DKLW569371FSKKHS03,551,Jordania,2023-05-13
NTXG695227HVSLJG67,552,Jordania,2023-02-01
GQVH164969FKNWJN84,553,Peru,2023-05-20
HUAP469834HGZIHC87,554,Jordania,2023-05-21
FNYU204131HHCJVW99,555,India,2023-09-04
TRTT143614FEWJBF34,556,India,2023-03-09
ONCW389114FGPWTU18,557,Peru,2022-11-01
JUXZ576177FZJLVP57,558,Jordania,2022-12-15
QLBE909469HWMLUK28,559,Grecia,2023-04-30
WLNO913532HFUHNZ64,560,India,2022-11-08
OFKZ906505FMXFFH97,561,India,2023-09-08
BNTZ712748FQFDHQ37,562,Peru,2023-02-22
UPQE581833FMTNIJ99,563,Grecia,2023-02-20
LBFD561828HBNBWA48,564,Jordania,2023-04-27
HLUG895058FFDWJC89,565,India,2023-04-09
LYRY001593HQJZET66,566,Jordania,2023-04-01
KGAT645938HJHOVB67,567,India,2022-12-27
EEXB966132HWHIJK75,568,Mexico,2023-01-26
PLLU619743HYCAVN51,569,Mexico,2023-04-20
MYHG563838HDOZQP04,570,Peru,2023-05-16
AFUF560869HFVLHS05,571,Jordania,2023-03-05
JXIJ461810HMBLAV59,572,Peru,2023-04-20
LDHV591555FLAPAP47,573,Peru,2023-02-09
WBSD749015HZOFRZ53,574,Jordania,2022-11-26
GSVS422427FBZXHK91,575,India,2023-01-24
LRZW484978FFSETB96,576,Mexico,2023-05-17
LYRY001593HQJZET66,577,Grecia,2022-12-12
JVBE731209HANVYG37,578,Peru,2022-10-03
TJWY389246HNPOAM24,579,Grecia,2023-04-03
CXRL936486HWZNXZ65,580,Jordania,2022-10-04
ZCEK279024FROTFA87,581,Grecia,2022-12-30
HMJV963563HZXIWD17,582,Grecia,2022-12-02
WTBC615978HEIREC55,583,India,2023-04-01
REVO679246FWKIXS96,584,Egipto,2023-02-07
BRMK782426HVMTBW93,585,Jordania,2022-10-08
GJHJ027597FYICBE32,586,India,2023-04-02
NMGX203937FZDEIE93,587,Mexico,2023-07-08
IAYC703682HZGCIW30,588,Grecia,2023-04-01
AXLQ258084FMAQTO72,589,India,2023-03-12
CEAM231026FHPLRR97,590,Grecia,2022-12-31
UFDM819692FSOOUL14,591,Grecia,2023-05-01
TOZL955775FQPUHP65,592,Egipto,2023-08-25
MWVZ852440HRCJIG10,593,Jordania,2022-09-18
LSHR529183HWBHTH73,594,Egipto,2023-06-19
ADQL812042HFOFES00,595,Grecia,2023-08-31
VPCL216392FSSNQH46,596,Grecia,2022-09-22
MNYT085201HQGJSH81,597,Peru,2023-08-13
QLBE909469HWMLUK28,598,Jordania,2023-09-02
GRFM356659FPYVHN46,599,Peru,2022-12-18
KSZH663877FVNPLP72,600,Peru,2023-05-09
FFHJ318092FVISNZ04,601,India,2023-02-26
OZIS982830HLLZUC72,602,Egipto,2023-05-31
RXHS129504FUJKJA48,603,Jordania,2023-06-17
ITUM562616FFESHB56,604,Grecia,2023-05-10
DJNY074146HGTIMK20,605,Grecia,2023-07-05
DGNF590733FNCJKZ64,606,India,2022-09-25
EJWS916976HOHUSW47,607,Jordania,2023-08-19
JSVY654634FGKQAA92,608,Jordania,2023-01-10
NNZH228249HJBMAU02,609,Peru,2023-09-02
IQBH554485FSLZPN03,610,India,2022-12-13
SOXN865028HUZYMM61,611,Egipto,2022-09-18
NODB866388FECLNT51,612,Grecia,2022-11-24
JOWE259953FDADNE94,613,Grecia,2022-10-05
HYGG919809HDYKDU88,614,Grecia,2023-05-16
VJER960401HQWDZP40,615,Mexico,2023-04-25
LWXF657235FQHUCT81,616,India,2023-03-08
QLCI296391HWSSTP14,617,Peru,2023-07-21
UQET599503HOBMGH42,618,India,2023-05-18
FSAW965647FYBHHF58,619,Jordania,2023-05-11
NKNY172277FWHIJI71,620,Peru,2022-11-13
AJUR495066FCNQEB02,621,Grecia,2022-11-14
HPZA844408FZKTGF45,622,Jordania,2023-07-21
TRGH430436FHLUUZ51,623,Peru,2022-11-23
WNYP031496FALPZX95,624,Mexico,2022-11-15
IPVU238729FECVNO06,625,Egipto,2023-07-01
EBYQ443419FIKECW03,626,Jordania,2022-11-23
CYZW429510HIJWBV26,627,Egipto,2023-05-29
EVMW309015FEXYWB96,628,Peru,2023-07-01
LQWM800262HYQEQS46,629,Egipto,2023-03-04
RCMU432473HTXHNL37,630,Egipto,2023-04-14
XKLE815663FXDKPC58,631,Mexico,2023-03-03
MWYQ731285HTYOYB28,632,India,2023-01-20
GQVH164969FKNWJN84,633,Egipto,2023-08-04
XKLE815663FXDKPC58,634,India,2023-07-31
EVFN020806HMXMAC32,635,Grecia,2023-04-28
HVKZ950875HPGEHB62,636,Jordania,2022-09-23
PTQJ751009FKSBZZ04,637,Jordania,2023-04-07
YISC685367FDRMUE41,638,Mexico,2023-07-16
ODKG105672FWZGOS38,639,Egipto,2023-08-31
HLMB534986HLUAFC67,640,Egipto,2023-06-18
ENKD813295FMABPI76,641,Egipto,2022-12-02
URSZ562669HTXQFE64,642,Egipto,2023-06-26
QBOT711079HUWTMZ76,643,Grecia,2022-11-12
EGPU731424HGZFXK23,644,Egipto,2023-06-01
CAAY907607HWNMFA86,645,Egipto,2023-03-29
IXOD359984FNUPDF48,646,Jordania,2022-11-13
HVUY758705HWWGMY08,647,Peru,2022-12-03
OSEI541034FRSLOR14,648,Peru,2022-09-25
GJPL932331FXQCQO87,649,India,2023-08-12
GKNL898017HJQMML00,650,Egipto,2022-11-06
WJBS492830FFZKVW69,651,India,2023-04-01
WJBS492830FFZKVW69,652,Grecia,2022-09-18
HYGG919809HDYKDU88,653,Grecia,2022-10-19
TOEG120959HBJOGK57,654,Egipto,2023-09-11
SECK601487HZRAJC12,655,Mexico,2022-12-28
ITUM562616FFESHB56,656,Egipto,2023-03-06
DBHW591513HVDMAL97,657,Jordania,2023-04-13
JUXZ576177FZJLVP57,658,Jordania,2022-09-25
XWYO480557HXOBLQ78,659,Mexico,2023-06-06
CQGL494516FISWRT71,660,Grecia,2022-10-18
TLYX254030FHFODF59,661,India,2023-03-04
WBKS913139FVXWOW42,662,Peru,2023-01-06
LQTH725598HKZOKW00,663,Mexico,2023-05-30
MWZI888840HBCLDF34,664,Jordania,2023-06-10
RBKM489995HIREVW49,665,Grecia,2023-05-16
QBHA316596HOTTJW54,666,Grecia,2023-07-25
OYYX536643HHRQVL55,667,Peru,2022-11-30
URSZ562669HTXQFE64,668,Grecia,2022-10-23
NTLF998985HVQAKT87,669,Jordania,2023-04-27
HVPX557572HLMOVC64,670,Egipto,2023-02-12
CKWH863250FPVXDX83,671,Grecia,2023-09-11
UNNB029134FGJEBD51,672,Egipto,2023-03-11
HYUX630342FSLCTO91,673,Jordania,2023-08-14
JPOF191558FMBISR42,674,Peru,2022-09-28
QIHV246927HULAJR95,675,Peru,2022-11-02
URTW473196HDURFU40,676,Grecia,2023-06-04
DLSN543333HWUHTR26,677,Jordania,2023-07-13
VCXE054735FFNMTT12,678,India,2023-08-09
OFYG646180HYTLTG94,679,Mexico,2023-02-26
LILN933710FFZMAS29,680,Peru,2023-02-14
UROD457694FHAZBK74,681,India,2023-06-24
MXKY498291HVVWFM36,682,India,2022-10-10
CRHM265351HUVSBD75,683,Grecia,2023-03-04
BRXA156421HJIGBK38,684,Peru,2023-03-15
VMTV353608FTIEHG35,685,Grecia,2023-03-28
CWUA837486FBHKMT69,686,Mexico,2022-10-07
UROD457694FHAZBK74,687,Peru,2023-08-30
QVBX906745FRDJUP25,688,Egipto,2022-11-02
RTFF057237HJZLLX85,689,Jordania,2023-05-31
HKGI891024FVQVIE68,690,Grecia,2023-06-16
HZNZ393316HWJEXX11,691,Grecia,2023-02-09
BOLS075009HKYCSM13,692,Mexico,2023-02-11
CXRL936486HWZNXZ65,693,Grecia,2023-05-16
PXKG627871FARPNQ28,694,Peru,2022-11-14
JXIJ461810HMBLAV59,695,Mexico,2022-11-22
DHAV296277FPFFED71,696,Peru,2023-06-10
IWUU791776FEHJNP21,697,Jordania,2023-02-18
YXVN436643HVPTTD26,698,Grecia,2022-10-28
AKCW523194HVNXTK64,699,Jordania,2023-05-25
DZLP116052FGAUYI53,700,Mexico,2023-02-12
YUJW727882FDKNYC94,701,Mexico,2022-11-04
TKKK771114HDEPFW75,702,India,2022-09-15
KQEB111610HUZBFX27,703,India,2023-06-21
DGNF590733FNCJKZ64,704,Jordania,2023-03-07
RBMD991737HIYODS79,705,Egipto,2022-12-29
BSWQ404189HRQXLY12,706,Mexico,2023-07-30
LTYR193258HEXUMJ88,707,Grecia,2023-08-11
SRCQ418647FPDDYM24,708,Grecia,2022-09-13
KQPQ052135HSWNYN67,709,Mexico,2022-12-11
UZCL121827FIZFRX66,710,Jordania,2022-12-31
AVRZ998239FHWCAS26,711,India,2023-05-12
VWJT031197HQYUPA72,712,India,2023-08-25
SECK601487HZRAJC12,713,Egipto,2023-03-07
QBWZ965056FNYGAT68,714,India,2023-02-14
AWYA991437FWAWBO06,715,India,2023-08-09
DGNF590733FNCJKZ64,716,Egipto,2023-08-04
LDHV591555FLAPAP47,717,Mexico,2023-07-19
OZNS961101FHQUGQ27,718,Egipto,2023-02-28
ZHCD108752HDZPHY39,719,Mexico,2022-09-26
DBHW591513HVDMAL97,720,Jordania,2023-07-12
WCGB933426FRCPPW11,721,Mexico,2023-08-17
ROPH557894FUVZIM47,722,Egipto,2023-08-26
WBSD749015HZOFRZ53,723,Jordania,2023-01-29
DHPX287086FESMAW04,724,Peru,2023-06-03
KBDD351986FPYMSQ21,725,Peru,2023-05-07
KNQJ530811HIYCLR39,726,Grecia,2023-04-29
UZCL121827FIZFRX66,727,Egipto,2023-03-02
BHNQ271750FSLKCV28,728,Mexico,2023-02-01
EEGJ807032FGCOLG08,729,Peru,2023-01-05
GSAY273310FSLVXM30,730,Jordania,2022-10-14
TFEW553217FAJKDL89,731,Jordania,2022-09-19
YDTH788603FQMMBE38,732,Mexico,2023-03-18
QWZG553139FZNUBQ34,733,Grecia,2022-09-27
GGFE557286HZUFKO96,734,Jordania,2023-08-31
JOYG665435HCRWAG12,735,Peru,2023-02-18
VEXW014000FRIYND40,736,Grecia,2023-06-06
LRJD957852HFXONN08,737,Egipto,2023-08-30
TLWV850278HQRWNB72,738,Grecia,2022-12-21
WFWU894418HAQFLX13,739,Grecia,2023-05-15
WZKV248305HMGJHO35,740,Egipto,2022-11-18
GJPL932331FXQCQO87,741,Jordania,2022-12-29
KSQA157908FGPPSP74,742,Grecia,2022-09-18
ZLVO461484FHLLEY44,743,Jordania,2023-01-14
BMZK513026FJZQID97,744,Peru,2022-10-17
QZEW612167HVJQBH98,745,Jordania,2022-12-31
EVQK984464HLAQAV12,746,India,2023-04-17
ORDQ711848HAEMTB77,747,Peru,2022-10-01
KMVB459817HRKWVW17,748,Egipto,2023-06-23
PWJR067797HRQDMI08,749,Peru,2022-10-09
EGPU731424HGZFXK23,750,Mexico,2023-02-28
LMSR866204FSLTOR58,751,Grecia,2022-09-17
MXKY498291HVVWFM36,752,India,2023-05-07
PNCX931628HNATMO48,753,Peru,2023-06-25
SHJQ978284FKKBVE98,754,Mexico,2023-08-15
HIVA085073FAQQME26,755,Jordania,2022-11-19
AIHE814246FSIXUV19,756,Grecia,2023-01-31
RHHS083896FXSQHX95,757,Egipto,2023-07-20
GKMI668611FUHNAN30,758,India,2023-03-16
AZAA991030FCAJLT40,759,Peru,2023-03-23
LRZW484978FFSETB96,760,Egipto,2022-12-27
OXIL430780FFFHHC55,761,Jordania,2023-06-02
WLNO913532HFUHNZ64,762,Peru,2023-07-02
DJBZ944210HXLSSM61,763,Peru,2023-07-26
TVAI017671HLPMHS08,764,Mexico,2023-03-17
ISCY080854FSZPHG95,765,Mexico,2023-04-17
GGWJ653826FIJCGO94,766,Mexico,2023-06-29
XROM210281HJORYP45,767,Peru,2023-01-14
UVYE934842FFRDOK90,768,Jordania,2023-06-20
NKNY172277FWHIJI71,769,Peru,2023-04-08
BYGV314233FNGYWE41,770,Jordania,2022-11-18
RMVD164336HKECXO58,771,Peru,2023-01-03
RDGP763710FWGFMN29,772,India,2022-12-21
EYPP779410FADIYD53,773,Jordania,2023-07-18
LBGO312847HXVXOL10,774,Jordania,2023-07-12
LADA485611HSSQTP83,775,India,2023-05-08
BITP269757FGWJWK86,776,Egipto,2023-03-16
VION177352FYAGXE63,777,India,2023-08-03
AJAV465929HVXXQE38,778,Egipto,2022-12-22
TOZL955775FQPUHP65,779,Jordania,2023-01-19
ZSVR919460FKFMMA33,780,Mexico,2023-03-21
AVCL520886FXMVPZ67,781,Mexico,2023-07-29
CXRL936486HWZNXZ65,782,Peru,2022-11-19
SKYG474966HACTVP71,783,Mexico,2022-12-21
TBUQ920421FHYYKR33,784,Egipto,2022-09-26
VMTV353608FTIEHG35,785,India,2023-06-12
QCHP521611HCUBYK09,786,Mexico,2022-09-28
XUGI446320FYMURL48,787,Peru,2023-08-31
EOKO944154FLJPCW69,788,Jordania,2022-12-30
DFFI703041FQCPXR47,789,Peru,2023-01-24
VION177352FYAGXE63,790,Mexico,2023-03-21
WEJW424894HFLNGL05,791,India,2023-03-09
PGVU424258HWZIDI96,792,Peru,2023-04-18
QWXA595457HEJRGO69,793,India,2023-05-23
CNTN092229HIAQCN06,794,Peru,2023-05-15
QBOT711079HUWTMZ76,795,Egipto,2023-07-19
OZNS961101FHQUGQ27,796,Egipto,2023-03-07
LJLN132351FZCRNM93,797,Jordania,2022-10-17
ZCMJ316814FFUWNJ97,798,Egipto,2023-02-13
QRUY700545FQZZBA76,799,India,2023-01-18
MMCU915745FKBDAM68,800,Mexico,2022-12-14
OSHB835427HRSADV05,801,Jordania,2023-08-24
KHXX868291HUFAHT61,802,Mexico,2022-10-16
YURR176951HNYMID54,803,Egipto,2023-08-03
OYEE091056FQXNQO98,804,Peru,2022-12-05
BIFD853115FOCAYL25,805,Grecia,2023-01-31
MNLX938819HJBJTG48,806,Mexico,2023-01-15
CWUA837486FBHKMT69,807,Jordania,2023-07-21
ZTCM022710FYPARU59,808,Mexico,2023-03-08
AXLQ258084FMAQTO72,809,India,2023-07-15
SMHM990196HRGLUF63,810,India,2023-01-04
MXID108815HYHFZS97,811,India,2022-11-02
ZHLG836512HMMYFL87,812,India,2023-07-24
DOID057387FQBXYU70,813,Egipto,2023-05-06
RBKM489995HIREVW49,814,Jordania,2023-05-01
FLTN992861FWZVGJ38,815,Mexico,2022-10-09
GIHS639270FPILJZ55,816,India,2023-02-21
CXRL936486HWZNXZ65,817,Peru,2022-10-30
WBKS913139FVXWOW42,818,Mexico,2023-08-21
ADQL812042HFOFES00,819,Egipto,2023-09-09
EEXB966132HWHIJK75,820,Peru,2023-04-03
NFWT520914HWJADE37,821,Egipto,2022-12-25
ROFT679127HCOOLX05,822,Jordania,2023-09-01
ZEYB323260HCLEJY25,823,Jordania,2023-08-31
CSAL738943FOSZIJ10,824,Egipto,2023-04-19
DIEI150564HUKZAG41,825,Grecia,2022-11-26
NAYQ761586FCPOCJ48,826,India,2023-03-27
IBSW867576HFJLOX45,827,Peru,2023-02-28
BYGV314233FNGYWE41,828,Egipto,2023-06-03
BNTZ712748FQFDHQ37,829,Jordania,2022-09-21
OVRZ036659FZCRWI07,830,India,2022-10-09
IQBH554485FSLZPN03,831,India,2023-09-06
FVRC652471HVDYOF35,832,Jordania,2022-11-14
NGZW016425FFLRKY13,833,India,2022-09-19
BIFD853115FOCAYL25,834,Egipto,2022-12-25
TYDW727538HAWHTN07,835,Grecia,2023-05-24
AXPK000479FSHLBQ80,836,Egipto,2023-06-18
JCTT814741HVQYMR27,837,Mexico,2023-01-31
HPBM333526FXIYSI47,838,Jordania,2022-10-26
GSAY273310FSLVXM30,839,Mexico,2023-03-08
YXVN436643HVPTTD26,840,Egipto,2022-10-06
LNJX808045HLGHSG65,841,Peru,2023-02-26
ODKG105672FWZGOS38,842,India,2022-12-27
ETBY160914FUPQKD96,843,Mexico,2023-03-24
BVGS497368FAELRM09,844,Egipto,2022-11-17
UGSV822607FWCHPA89,845,Grecia,2023-06-14
EAHB105270HWNWZA37,846,Peru,2023-09-04
FLAB023192HUIKIB26,847,Grecia,2023-06-04
CKWH863250FPVXDX83,848,Peru,2022-10-15
MNSY419622FIONPP54,849,Egipto,2023-06-25
NDNG304477FNFGFK34,850,Peru,2023-05-20
DOID057387FQBXYU70,851,Jordania,2023-03-27
JSAU215162HAETOB89,852,Jordania,2022-11-27
BMCM262348FTIKLI48,853,Grecia,2023-03-02
YKYJ035056HSSQVH28,854,Jordania,2022-11-19
DSSL140495FWWEHJ86,855,Grecia,2022-11-03
ZQKG792795HMDHNK72,856,Jordania,2022-10-05
IEQB694256FQCNYY04,857,Egipto,2023-07-07
DBHW591513HVDMAL97,858,Egipto,2023-05-24
AKEX120605FWVDAC72,859,Peru,2022-10-11
IQBF394633FCIHDF11,860,Mexico,2023-06-16
OWPB090629FYSRGK29,861,Peru,2023-03-03
DLWL529064FIOXOT41,862,India,2023-08-08
CBWD662529FJRBEW90,863,Grecia,2023-02-07
WBCL690304FKNPSU88,864,Mexico,2023-09-10
HKKB614419HMMBXW76,865,Mexico,2023-02-09
MMCU915745FKBDAM68,866,Peru,2022-10-21
OTVA625090HQQZHT73,867,Jordania,2023-06-28
DPKE451525HVKNIA41,868,Jordania,2023-01-01
CHLS069624FPOYZY37,869,Grecia,2023-03-15
EBZR452684HEUBZW19,870,Egipto,2023-02-27
NGZW016425FFLRKY13,871,Grecia,2023-03-16
RVTL334388HUCJCU37,872,Peru,2023-04-27
OSEI541034FRSLOR14,873,India,2022-12-10
GCDJ189251FJHGKP55,874,Egipto,2022-09-25
GRFM356659FPYVHN46,875,Peru,2023-04-04
EIKU901158FCPTTI26,876,Egipto,2023-04-08
LHTU717959HXHVGF26,877,Mexico,2023-07-14
TFEW553217FAJKDL89,878,Peru,2022-11-08
XTZP242255HKUHPE41,879,Grecia,2023-07-15
SLHH923962HEUYEA82,880,Mexico,2023-04-16
BJVT757394HLIBID88,881,Jordania,2023-08-06
LAHH142772FNXBBR98,882,Peru,2023-07-28
EVMW309015FEXYWB96,883,Jordania,2023-02-28
WRLN938118FQOCRY04,884,India,2023-03-04
QUKI408505HFKURS52,885,Peru,2022-11-11
QFOU095205HGMENT10,886,Jordania,2023-02-14
SITO587060HSRAHR81,887,India,2022-11-08
MNYT085201HQGJSH81,888,Jordania,2022-10-13
BUYD246127HIGGYV29,889,Peru,2023-08-23
PLQT795276FVUNMH15,890,Peru,2023-06-12
HMUR026118FUHXVV36,891,India,2023-01-20
CHLJ990359FRROUT09,892,India,2022-12-28
QCKV582529FAQJQL48,893,Grecia,2023-09-05
XRPC643569HGGHDW48,894,India,2023-04-05
BSWQ404189HRQXLY12,895,Egipto,2023-01-15
XVTF466850FQIJWN20,896,Egipto,2023-08-06
AQZV023792HJCMCY54,897,Jordania,2023-06-07
AXPG099227FLUPDA55,898,Mexico,2023-03-14
AFUF560869HFVLHS05,899,Grecia,2023-05-04
RAVS589230FIDXNC70,900,Egipto,2022-09-26
LHTU717959HXHVGF26,901,Grecia,2022-11-18
AWYA991437FWAWBO06,902,Jordania,2023-01-06
NIXG951292HIOIDN00,903,India,2022-12-19
BSVA531493FJUVSA34,904,Jordania,2022-12-13
TYRK847794FEVUJU39,905,India,2023-02-05
OYYX536643HHRQVL55,906,Peru,2022-10-15
YTHR938947HUQVSO54,907,Mexico,2022-10-20
ZLJE263756FAPFLU54,908,Jordania,2022-11-03
BYIS314830FLJSSJ53,909,Grecia,2023-06-30
ZLJE263756FAPFLU54,910,Jordania,2023-04-18
IHXO539147FBVQGT24,911,Mexico,2023-03-06
GBBM494953FHADLP47,912,Jordania,2023-02-02
REFC809706FUEBKM61,913,Egipto,2022-10-17
YURR176951HNYMID54,914,Grecia,2023-06-04
FJBT295359HPTFBQ75,915,Jordania,2023-07-17
TOZL955775FQPUHP65,916,Peru,2023-07-11
WHWE957382HYTOJZ82,917,India,2023-05-04
SOXN865028HUZYMM61,918,India,2023-04-12
ZFVM760472FGNNBM63,919,India,2023-09-05
FNCR737076HPPZHG21,920,Mexico,2022-10-06
WLFX135146FJLUID19,921,Egipto,2022-10-12
LQTH725598HKZOKW00,922,Grecia,2023-04-22
NTXG695227HVSLJG67,923,Egipto,2023-05-25
HLGE207157FPQMFP53,924,Peru,2023-08-26
GIHS639270FPILJZ55,925,Grecia,2023-02-03
PUWZ345748HPDCEM43,926,Grecia,2022-12-03
LRJD957852HFXONN08,927,Peru,2023-03-29
KWLS585965FJFIBY06,928,Jordania,2022-12-07
JKIP108967FPIHIW69,929,Mexico,2023-03-03
HLUG895058FFDWJC89,930,India,2023-01-15
YIHF354219HEMDTQ15,931,Mexico,2022-10-27
QCHP521611HCUBYK09,932,Peru,2023-06-05
WJCP294839HUACPI38,933,Grecia,2022-09-23
IARG455332HNMSDH31,934,Mexico,2023-05-05
QWEC205501FVSOIJ37,935,Jordania,2023-07-22
WBBK254944FRRKTP43,936,Egipto,2023-04-17
SQQI188354FQWQMM42,937,Peru,2023-08-08
RELR363469FXYTLD64,938,Peru,2022-09-17
PLSU965767FREAQC53,939,Grecia,2023-08-21
UNNB029134FGJEBD51,940,Grecia,2023-04-25
IHZY913918HIPYBO95,941,Egipto,2023-05-02
OFKZ906505FMXFFH97,942,Peru,2023-01-29
XZPS561675HAGHHG86,943,Egipto,2022-10-13
BNTZ712748FQFDHQ37,944,Mexico,2023-06-25
PKVW983539HZNMNP50,945,Mexico,2023-02-13
ORPS328995FDUDSY31,946,India,2023-03-21
NKQE560291FTHCDJ64,947,India,2023-08-17
XIVU362211FHYHQR55,948,Grecia,2023-05-12
AIHE814246FSIXUV19,949,Jordania,2023-01-23
ZHLG836512HMMYFL87,950,Egipto,2023-08-21
VJJR564678FVFJKW42,951,India,2023-06-02
EZQR023594FKVIBW56,952,Egipto,2023-06-12
ITFF650120FQECXA89,953,Egipto,2023-06-09
LSHR529183HWBHTH73,954,Jordania,2023-01-31
RWLY551026HOFEZG60,955,Grecia,2023-08-02
OASG745680FOPNKW15,956,Mexico,2022-10-05
QFOU095205HGMENT10,957,Egipto,2023-04-17
QCHP521611HCUBYK09,958,Jordania,2022-12-12
CYZW429510HIJWBV26,959,Egipto,2023-02-26
IHXO539147FBVQGT24,960,Mexico,2023-03-15
QTHP784430HFQQSX52,961,India,2023-07-11
NMCP208311HSPAZK01,962,India,2022-10-18
WRLN938118FQOCRY04,963,Peru,2022-09-20
JVYB406376HGAUDL70,964,Grecia,2023-05-05
AIUR680981FMCRMF94,965,Peru,2023-06-04
BRHI292699HZSAUV40,966,Egipto,2023-03-16
VJYR002291HXVIKX02,967,Grecia,2023-03-04
KSQA157908FGPPSP74,968,Peru,2023-07-28
LRUY592476HZCLLT64,969,Peru,2023-05-18
MHWA289502HPAAWC35,970,India,2023-08-15
LAHH142772FNXBBR98,971,Egipto,2023-06-15
TVCL463943FOMETA84,972,Egipto,2022-11-01
SOXN865028HUZYMM61,973,Egipto,2022-11-21
OHER159199HTAZXC36,974,Peru,2023-05-29
FHPW432516FJLWNN04,975,Grecia,2023-06-03
DROM023729FGUXDB22,976,Mexico,2023-05-30
CWUA837486FBHKMT69,977,Mexico,2023-07-19
BEYA257498FRGYTL16,978,India,2023-01-14
EZUF455722FOVRVS16,979,Mexico,2022-10-16
LNJX808045HLGHSG65,980,Jordania,2023-04-07
JDGD669521FQWHFD95,981,Egipto,2023-06-29
IPVU238729FECVNO06,982,Jordania,2023-09-08
LRJJ049017HOXTIJ20,983,Grecia,2023-08-02
FFHJ318092FVISNZ04,984,India,2023-05-24
ABKF795220HLVGBB36,985,Grecia,2023-02-06
SQBY784561FGWPOC34,986,Grecia,2023-03-30
MWUR184467HHMXUM21,987,Mexico,2023-06-21
ITFF650120FQECXA89,988,Jordania,2022-12-27
KJRK925889FALUWM04,989,Mexico,2023-08-12
NCYY513482FKIRDJ54,990,Grecia,2023-03-20
YXVN436643HVPTTD26,991,India,2023-08-15
MVPV929811FFJGSJ57,992,Jordania,2023-09-10
KJRQ244719HHSLLS98,993,Grecia,2023-05-07
ZDIT541297FFYWLK76,994,Grecia,2023-04-29
ABKF795220HLVGBB36,995,Mexico,2023-09-06
IDVQ671054FSWXSJ10,996,Peru,2022-10-15
MWVZ852440HRCJIG10,997,Jordania,2023-05-07
ODKG105672FWZGOS38,998,Peru,2023-08-05
ZSVR919460FKFMMA33,999,Jordania,2023-05-12
HVPX557572HLMOVC64,1000,Mexico,2022-09-16
